{"name": "iris", "tune": {"p": 0.0002, "m": 0.25}, "train": {"accuracy": 0.9888888888888889}, "test": {"accuracy": 0.9111111111111111}}