{"name": "iris_Class_Iris-virginica", "tune": {"theta": 4.0, "alpha": 2.0}, "train": {"accuracy": 0.8666666666666667}, "test": {"accuracy": 0.9111111111111111}}