{"Overall": {"train": 0.8666666666666667, "test": 0.8444444444444444}, "iris_Class_Iris-setosa": {"tune": {"theta": 4.0, "alpha": 2.0}, "train": {"accuracy": 0.9444444444444444}, "test": {"accuracy": 1.0}}, "iris_Class_Iris-versicolor": {"tune": {"theta": 5.0, "alpha": 2.0}, "train": {"accuracy": 0.8888888888888888}, "test": {"accuracy": 0.9111111111111111}}, "iris_Class_Iris-virginica": {"tune": {"theta": 4.0, "alpha": 2.0}, "train": {"accuracy": 0.8666666666666667}, "test": {"accuracy": 0.9111111111111111}}}