{"name": "vote", "tune": {"p": 0.0002, "m": 0.25}, "train": {"accuracy": 0.9233716475095786}, "test": {"accuracy": 0.8778625954198473}}